Action,Job1,P1,Job2,P2,Job3,P3,Job4,P4,reward,States
25,28,0.03321529179811478,9,0.029910767450928688,16,0.025706859305500984,8,0.024416591972112656,0.7,tensor(-1.),tensor(0.1600),tensor(0.1600),tensor(0.1600),tensor(0.1600),tensor(0.1600),tensor(0.),tensor(0.),tensor(0.),tensor(0.),tensor(0.),tensor(1.),tensor(1.),tensor(3.),tensor(0.),tensor(2.),tensor(4.),tensor(3.),tensor(1.),tensor(5.),tensor(5.),tensor(2.),tensor(4.),tensor(3.),tensor(5.),tensor(0.),tensor(3.),tensor(4.),tensor(0.),tensor(1.),tensor(2.),tensor(2.),tensor(3.),tensor(0.),tensor(2.),tensor(0.),tensor(3.),tensor(3.),tensor(1.),tensor(0.),tensor(2.),tensor(0.),tensor(4.),tensor(4.),tensor(1.),tensor(1.),tensor(3.),tensor(1.),tensor(3.),tensor(2.),tensor(1.),tensor(4.),tensor(0.),tensor(3.),tensor(1.),tensor(3.),tensor(5.),tensor(5.),tensor(4.),tensor(4.),tensor(1.),
20,28,0.031811222434043884,9,0.03016013465821743,16,0.02600036934018135,3,0.02464449219405651,0.8,tensor(0.),tensor(0.2041),tensor(0.1633),tensor(0.1633),tensor(0.1633),tensor(0.1633),tensor(0.),tensor(0.),tensor(0.),tensor(0.),tensor(0.),tensor(1.),tensor(1.),tensor(3.),tensor(0.),tensor(2.),tensor(4.),tensor(3.),tensor(1.),tensor(5.),tensor(5.),tensor(2.),tensor(4.),tensor(3.),tensor(5.),tensor(0.),tensor(3.),tensor(4.),tensor(0.),tensor(1.),tensor(2.),tensor(2.),tensor(3.),tensor(0.),tensor(2.),tensor(0.),tensor(-1.),tensor(3.),tensor(1.),tensor(0.),tensor(2.),tensor(0.),tensor(4.),tensor(4.),tensor(1.),tensor(1.),tensor(3.),tensor(1.),tensor(3.),tensor(2.),tensor(1.),tensor(4.),tensor(0.),tensor(3.),tensor(1.),tensor(3.),tensor(5.),tensor(5.),tensor(4.),tensor(4.),tensor(1.),
10,28,0.03209259361028671,9,0.029565513134002686,16,0.02592937834560871,47,0.024850495159626007,0.8,tensor(1.),tensor(0.2083),tensor(0.1250),tensor(0.1667),tensor(0.1667),tensor(0.1667),tensor(0.),tensor(0.),tensor(0.),tensor(0.),tensor(0.),tensor(1.),tensor(1.),tensor(3.),tensor(0.),tensor(2.),tensor(4.),tensor(3.),tensor(1.),tensor(5.),tensor(5.),tensor(2.),tensor(4.),tensor(3.),tensor(5.),tensor(0.),tensor(3.),tensor(4.),tensor(0.),tensor(1.),tensor(2.),tensor(-1.),tensor(3.),tensor(0.),tensor(2.),tensor(0.),tensor(-1.),tensor(3.),tensor(1.),tensor(0.),tensor(2.),tensor(0.),tensor(4.),tensor(4.),tensor(1.),tensor(1.),tensor(3.),tensor(1.),tensor(3.),tensor(2.),tensor(1.),tensor(4.),tensor(0.),tensor(3.),tensor(1.),tensor(3.),tensor(5.),tensor(5.),tensor(4.),tensor(4.),tensor(1.),
3,28,0.0312633216381073,9,0.030414361506700516,16,0.025743328034877777,47,0.02490956336259842,1.0,tensor(2.),tensor(0.2128),tensor(0.1064),tensor(0.1064),tensor(0.1702),tensor(0.1702),tensor(0.),tensor(0.),tensor(0.),tensor(0.),tensor(0.),tensor(1.),tensor(1.),tensor(3.),tensor(0.),tensor(2.),tensor(4.),tensor(3.),tensor(1.),tensor(5.),tensor(5.),tensor(-1.),tensor(4.),tensor(3.),tensor(5.),tensor(0.),tensor(3.),tensor(4.),tensor(0.),tensor(1.),tensor(2.),tensor(-1.),tensor(3.),tensor(0.),tensor(2.),tensor(0.),tensor(-1.),tensor(3.),tensor(1.),tensor(0.),tensor(2.),tensor(0.),tensor(4.),tensor(4.),tensor(1.),tensor(1.),tensor(3.),tensor(1.),tensor(3.),tensor(2.),tensor(1.),tensor(4.),tensor(0.),tensor(3.),tensor(1.),tensor(3.),tensor(5.),tensor(5.),tensor(4.),tensor(4.),tensor(1.),
1,9,0.03068505972623825,28,0.030370254069566727,16,0.025465138256549835,47,0.02497718296945095,0.9,tensor(3.),tensor(0.2174),tensor(0.1087),tensor(0.1087),tensor(0.1522),tensor(0.1522),tensor(0.),tensor(0.),tensor(0.),tensor(0.),tensor(0.),tensor(1.),tensor(1.),tensor(3.),tensor(-1.),tensor(2.),tensor(4.),tensor(3.),tensor(1.),tensor(5.),tensor(5.),tensor(-1.),tensor(4.),tensor(3.),tensor(5.),tensor(0.),tensor(3.),tensor(4.),tensor(0.),tensor(1.),tensor(2.),tensor(-1.),tensor(3.),tensor(0.),tensor(2.),tensor(0.),tensor(-1.),tensor(3.),tensor(1.),tensor(0.),tensor(2.),tensor(0.),tensor(4.),tensor(4.),tensor(1.),tensor(1.),tensor(3.),tensor(1.),tensor(3.),tensor(2.),tensor(1.),tensor(4.),tensor(0.),tensor(3.),tensor(1.),tensor(3.),tensor(5.),tensor(5.),tensor(4.),tensor(4.),tensor(1.),
18,9,0.032173167914152145,28,0.030020935460925102,16,0.025817180052399635,47,0.025508739054203033,0.5090283672556918,tensor(4.),tensor(0.2222),tensor(0.1111),tensor(0.1111),tensor(0.1556),tensor(0.2222),tensor(0.),tensor(0.),tensor(0.),tensor(0.),tensor(0.),tensor(1.),tensor(-1.),tensor(3.),tensor(-1.),tensor(2.),tensor(4.),tensor(3.),tensor(1.),tensor(5.),tensor(5.),tensor(-1.),tensor(4.),tensor(3.),tensor(5.),tensor(0.),tensor(3.),tensor(4.),tensor(0.),tensor(1.),tensor(2.),tensor(-1.),tensor(3.),tensor(0.),tensor(2.),tensor(0.),tensor(-1.),tensor(3.),tensor(1.),tensor(0.),tensor(2.),tensor(0.),tensor(4.),tensor(4.),tensor(1.),tensor(1.),tensor(3.),tensor(1.),tensor(3.),tensor(2.),tensor(1.),tensor(4.),tensor(0.),tensor(3.),tensor(1.),tensor(3.),tensor(5.),tensor(5.),tensor(4.),tensor(4.),tensor(1.),
33,28,0.030599746853113174,9,0.030495569109916687,16,0.025972658768296242,3,0.02470238320529461,0.9,tensor(3.),tensor(0.2273),tensor(0.1136),tensor(0.1136),tensor(0.2045),tensor(0.2045),tensor(0.8709),tensor(0.8416),tensor(0.9048),tensor(0.),tensor(0.8179),tensor(1.),tensor(-1.),tensor(3.),tensor(-1.),tensor(2.),tensor(4.),tensor(3.),tensor(1.),tensor(5.),tensor(5.),tensor(-1.),tensor(4.),tensor(3.),tensor(5.),tensor(0.),tensor(3.),tensor(4.),tensor(0.),tensor(-1.),tensor(2.),tensor(-1.),tensor(3.),tensor(0.),tensor(2.),tensor(0.),tensor(-1.),tensor(3.),tensor(1.),tensor(0.),tensor(2.),tensor(0.),tensor(4.),tensor(4.),tensor(1.),tensor(1.),tensor(3.),tensor(1.),tensor(3.),tensor(2.),tensor(1.),tensor(4.),tensor(0.),tensor(3.),tensor(1.),tensor(3.),tensor(5.),tensor(5.),tensor(4.),tensor(4.),tensor(1.),
49,28,0.03055553138256073,9,0.029490135610103607,16,0.0263778455555439,47,0.025309432297945023,0.8,tensor(2.),tensor(0.2326),tensor(0.1163),tensor(0.1860),tensor(0.1860),tensor(0.1860),tensor(0.9625),tensor(0.9302),tensor(0.),tensor(0.1070),tensor(0.9040),tensor(1.),tensor(-1.),tensor(3.),tensor(-1.),tensor(2.),tensor(4.),tensor(3.),tensor(1.),tensor(5.),tensor(5.),tensor(-1.),tensor(4.),tensor(3.),tensor(5.),tensor(0.),tensor(3.),tensor(4.),tensor(0.),tensor(-1.),tensor(2.),tensor(-1.),tensor(3.),tensor(0.),tensor(2.),tensor(0.),tensor(-1.),tensor(3.),tensor(1.),tensor(0.),tensor(2.),tensor(0.),tensor(4.),tensor(4.),tensor(-1.),tensor(1.),tensor(3.),tensor(1.),tensor(3.),tensor(2.),tensor(1.),tensor(4.),tensor(0.),tensor(3.),tensor(1.),tensor(3.),tensor(5.),tensor(5.),tensor(4.),tensor(4.),tensor(1.),
14,9,0.030722204595804214,28,0.0297405906021595,16,0.02698812261223793,47,0.02469242364168167,0.8,tensor(0.),tensor(0.1667),tensor(0.1190),tensor(0.1667),tensor(0.1667),tensor(0.1667),tensor(0.),tensor(0.9664),tensor(0.0367),tensor(0.1507),tensor(0.9392),tensor(1.),tensor(-1.),tensor(3.),tensor(-1.),tensor(2.),tensor(4.),tensor(3.),tensor(1.),tensor(5.),tensor(5.),tensor(-1.),tensor(4.),tensor(3.),tensor(5.),tensor(0.),tensor(3.),tensor(4.),tensor(0.),tensor(-1.),tensor(2.),tensor(-1.),tensor(3.),tensor(0.),tensor(2.),tensor(0.),tensor(-1.),tensor(3.),tensor(1.),tensor(0.),tensor(2.),tensor(0.),tensor(4.),tensor(4.),tensor(-1.),tensor(1.),tensor(3.),tensor(1.),tensor(3.),tensor(2.),tensor(1.),tensor(4.),tensor(0.),tensor(3.),tensor(1.),tensor(3.),tensor(5.),tensor(5.),tensor(4.),tensor(4.),tensor(-1.),
28,9,0.030784720554947853,28,0.02918391302227974,16,0.026872705668210983,47,0.024989726021885872,0.7704091103408587,tensor(1.),tensor(0.1707),tensor(0.1463),tensor(0.1707),tensor(0.1707),tensor(0.1707),tensor(0.0368),tensor(0.),tensor(0.0707),tensor(0.1914),tensor(0.9719),tensor(1.),tensor(-1.),tensor(3.),tensor(-1.),tensor(2.),tensor(4.),tensor(3.),tensor(1.),tensor(5.),tensor(5.),tensor(-1.),tensor(4.),tensor(3.),tensor(5.),tensor(-1.),tensor(3.),tensor(4.),tensor(0.),tensor(-1.),tensor(2.),tensor(-1.),tensor(3.),tensor(0.),tensor(2.),tensor(0.),tensor(-1.),tensor(3.),tensor(1.),tensor(0.),tensor(2.),tensor(0.),tensor(4.),tensor(4.),tensor(-1.),tensor(1.),tensor(3.),tensor(1.),tensor(3.),tensor(2.),tensor(1.),tensor(4.),tensor(0.),tensor(3.),tensor(1.),tensor(3.),tensor(5.),tensor(5.),tensor(4.),tensor(4.),tensor(-1.),
29,9,0.030270446091890335,28,0.028357800096273422,16,0.02714308723807335,47,0.026292432099580765,0.9,tensor(4.),tensor(0.1750),tensor(0.1250),tensor(0.1750),tensor(0.1750),tensor(0.1250),tensor(0.0686),tensor(0.0337),tensor(0.1000),tensor(0.2263),tensor(0.),tensor(1.),tensor(-1.),tensor(3.),tensor(-1.),tensor(2.),tensor(4.),tensor(3.),tensor(1.),tensor(5.),tensor(5.),tensor(-1.),tensor(4.),tensor(3.),tensor(5.),tensor(-1.),tensor(3.),tensor(4.),tensor(0.),tensor(-1.),tensor(2.),tensor(-1.),tensor(3.),tensor(0.),tensor(2.),tensor(0.),tensor(-1.),tensor(3.),tensor(1.),tensor(-1.),tensor(2.),tensor(0.),tensor(4.),tensor(4.),tensor(-1.),tensor(1.),tensor(3.),tensor(1.),tensor(3.),tensor(2.),tensor(1.),tensor(4.),tensor(0.),tensor(3.),tensor(1.),tensor(3.),tensor(5.),tensor(5.),tensor(4.),tensor(4.),tensor(-1.),
41,9,0.029698867350816727,28,0.027827246114611626,16,0.02568749524652958,47,0.024846529588103294,1.0,tensor(3.),tensor(0.1795),tensor(0.1282),tensor(0.1795),tensor(0.1026),tensor(0.1282),tensor(0.7701),tensor(0.7798),tensor(0.7486),tensor(0.),tensor(0.7176),tensor(1.),tensor(-1.),tensor(3.),tensor(-1.),tensor(2.),tensor(4.),tensor(3.),tensor(1.),tensor(5.),tensor(5.),tensor(-1.),tensor(4.),tensor(3.),tensor(5.),tensor(-1.),tensor(3.),tensor(4.),tensor(0.),tensor(-1.),tensor(2.),tensor(-1.),tensor(3.),tensor(0.),tensor(2.),tensor(0.),tensor(-1.),tensor(3.),tensor(1.),tensor(-1.),tensor(-1.),tensor(0.),tensor(4.),tensor(4.),tensor(-1.),tensor(1.),tensor(3.),tensor(1.),tensor(3.),tensor(2.),tensor(1.),tensor(4.),tensor(0.),tensor(3.),tensor(1.),tensor(3.),tensor(5.),tensor(5.),tensor(4.),tensor(4.),tensor(-1.),
2,9,0.029847830533981323,28,0.02854335866868496,16,0.026320641860365868,47,0.02485501952469349,0.3283778269326711,tensor(1.),tensor(0.1842),tensor(0.1053),tensor(0.1842),tensor(0.1053),tensor(0.1053),tensor(0.9771),tensor(0.),tensor(0.9401),tensor(0.2598),tensor(0.9294),tensor(1.),tensor(-1.),tensor(3.),tensor(-1.),tensor(2.),tensor(4.),tensor(3.),tensor(1.),tensor(5.),tensor(5.),tensor(-1.),tensor(4.),tensor(3.),tensor(5.),tensor(-1.),tensor(3.),tensor(4.),tensor(0.),tensor(-1.),tensor(2.),tensor(-1.),tensor(3.),tensor(0.),tensor(2.),tensor(0.),tensor(-1.),tensor(3.),tensor(1.),tensor(-1.),tensor(-1.),tensor(0.),tensor(4.),tensor(4.),tensor(-1.),tensor(1.),tensor(3.),tensor(1.),tensor(3.),tensor(2.),tensor(1.),tensor(4.),tensor(-1.),tensor(3.),tensor(1.),tensor(3.),tensor(5.),tensor(5.),tensor(4.),tensor(4.),tensor(-1.),
19,9,0.028983574360609055,28,0.028755977749824524,16,0.025680137798190117,31,0.025311274453997612,0.4070894523745063,tensor(0.),tensor(0.2432),tensor(0.1081),tensor(0.1892),tensor(0.1081),tensor(0.1081),tensor(0.),tensor(0.0219),tensor(0.9612),tensor(0.2885),tensor(0.9528),tensor(1.),tensor(-1.),tensor(-1.),tensor(-1.),tensor(2.),tensor(4.),tensor(3.),tensor(1.),tensor(5.),tensor(5.),tensor(-1.),tensor(4.),tensor(3.),tensor(5.),tensor(-1.),tensor(3.),tensor(4.),tensor(0.),tensor(-1.),tensor(2.),tensor(-1.),tensor(3.),tensor(0.),tensor(2.),tensor(0.),tensor(-1.),tensor(3.),tensor(1.),tensor(-1.),tensor(-1.),tensor(0.),tensor(4.),tensor(4.),tensor(-1.),tensor(1.),tensor(3.),tensor(1.),tensor(3.),tensor(2.),tensor(1.),tensor(4.),tensor(-1.),tensor(3.),tensor(1.),tensor(3.),tensor(5.),tensor(5.),tensor(4.),tensor(4.),tensor(-1.),
24,9,0.0301545150578022,28,0.02998879924416542,47,0.025653928518295288,49,0.025572603568434715,1.0,tensor(2.),tensor(0.2500),tensor(0.1111),tensor(0.0833),tensor(0.0833),tensor(0.1111),tensor(0.0425),tensor(0.0621),tensor(0.),tensor(0.3411),tensor(0.9957),tensor(1.),tensor(-1.),tensor(-1.),tensor(-1.),tensor(2.),tensor(4.),tensor(3.),tensor(1.),tensor(5.),tensor(5.),tensor(-1.),tensor(4.),tensor(3.),tensor(5.),tensor(-1.),tensor(3.),tensor(4.),tensor(0.),tensor(-1.),tensor(-1.),tensor(-1.),tensor(3.),tensor(0.),tensor(2.),tensor(0.),tensor(-1.),tensor(3.),tensor(1.),tensor(-1.),tensor(-1.),tensor(0.),tensor(4.),tensor(4.),tensor(-1.),tensor(1.),tensor(3.),tensor(1.),tensor(3.),tensor(2.),tensor(1.),tensor(4.),tensor(-1.),tensor(3.),tensor(1.),tensor(3.),tensor(5.),tensor(5.),tensor(4.),tensor(4.),tensor(-1.),
35,28,0.029508505016565323,9,0.02930876612663269,16,0.026886681094765663,49,0.026208464056253433,0.442377099001061,tensor(4.),tensor(0.2571),tensor(0.0857),tensor(0.0857),tensor(0.0857),tensor(0.0857),tensor(0.0468),tensor(0.0661),tensor(0.0040),tensor(0.3464),tensor(0.),tensor(1.),tensor(-1.),tensor(-1.),tensor(-1.),tensor(2.),tensor(4.),tensor(3.),tensor(1.),tensor(5.),tensor(5.),tensor(-1.),tensor(4.),tensor(3.),tensor(5.),tensor(-1.),tensor(3.),tensor(4.),tensor(0.),tensor(-1.),tensor(-1.),tensor(-1.),tensor(3.),tensor(0.),tensor(2.),tensor(-1.),tensor(-1.),tensor(3.),tensor(1.),tensor(-1.),tensor(-1.),tensor(0.),tensor(4.),tensor(4.),tensor(-1.),tensor(1.),tensor(3.),tensor(1.),tensor(3.),tensor(2.),tensor(1.),tensor(4.),tensor(-1.),tensor(3.),tensor(1.),tensor(3.),tensor(5.),tensor(5.),tensor(4.),tensor(4.),tensor(-1.),
4,28,0.02994164265692234,9,0.029295848682522774,3,0.02572610229253769,46,0.025439979508519173,0.9,tensor(3.),tensor(0.2353),tensor(0.0882),tensor(0.0882),tensor(0.2353),tensor(0.0882),tensor(0.5747),tensor(0.5652),tensor(0.4965),tensor(0.),tensor(0.5195),tensor(1.),tensor(-1.),tensor(-1.),tensor(-1.),tensor(2.),tensor(4.),tensor(3.),tensor(1.),tensor(5.),tensor(5.),tensor(-1.),tensor(4.),tensor(3.),tensor(5.),tensor(-1.),tensor(3.),tensor(4.),tensor(0.),tensor(-1.),tensor(-1.),tensor(-1.),tensor(3.),tensor(0.),tensor(2.),tensor(-1.),tensor(-1.),tensor(3.),tensor(1.),tensor(-1.),tensor(-1.),tensor(0.),tensor(4.),tensor(4.),tensor(-1.),tensor(1.),tensor(-1.),tensor(1.),tensor(3.),tensor(2.),tensor(1.),tensor(4.),tensor(-1.),tensor(3.),tensor(1.),tensor(3.),tensor(5.),tensor(5.),tensor(4.),tensor(4.),tensor(-1.),
30,28,0.030043376609683037,9,0.029278073459863663,3,0.02631378546357155,1,0.025247829034924507,0.5226828265477986,tensor(0.),tensor(0.0606),tensor(0.0909),tensor(0.0606),tensor(0.2424),tensor(0.0909),tensor(0.),tensor(0.9674),tensor(0.8933),tensor(0.4484),tensor(0.9381),tensor(1.),tensor(-1.),tensor(-1.),tensor(-1.),tensor(-1.),tensor(4.),tensor(3.),tensor(1.),tensor(5.),tensor(5.),tensor(-1.),tensor(4.),tensor(3.),tensor(5.),tensor(-1.),tensor(3.),tensor(4.),tensor(0.),tensor(-1.),tensor(-1.),tensor(-1.),tensor(3.),tensor(0.),tensor(2.),tensor(-1.),tensor(-1.),tensor(3.),tensor(1.),tensor(-1.),tensor(-1.),tensor(0.),tensor(4.),tensor(4.),tensor(-1.),tensor(1.),tensor(-1.),tensor(1.),tensor(3.),tensor(2.),tensor(1.),tensor(4.),tensor(-1.),tensor(3.),tensor(1.),tensor(3.),tensor(5.),tensor(5.),tensor(4.),tensor(4.),tensor(-1.),
17,28,0.030755743384361267,9,0.028906501829624176,3,0.02635038271546364,47,0.025245368480682373,0.5058217918852608,tensor(1.),tensor(0.0625),tensor(0.0625),tensor(0.0625),tensor(0.2500),tensor(0.0625),tensor(0.0309),tensor(0.),tensor(0.9255),tensor(0.4848),tensor(0.9721),tensor(1.),tensor(-1.),tensor(-1.),tensor(-1.),tensor(-1.),tensor(4.),tensor(3.),tensor(1.),tensor(5.),tensor(5.),tensor(-1.),tensor(4.),tensor(3.),tensor(5.),tensor(-1.),tensor(3.),tensor(4.),tensor(0.),tensor(-1.),tensor(-1.),tensor(-1.),tensor(3.),tensor(0.),tensor(2.),tensor(-1.),tensor(-1.),tensor(3.),tensor(1.),tensor(-1.),tensor(-1.),tensor(-1.),tensor(4.),tensor(4.),tensor(-1.),tensor(1.),tensor(-1.),tensor(1.),tensor(3.),tensor(2.),tensor(1.),tensor(4.),tensor(-1.),tensor(3.),tensor(1.),tensor(3.),tensor(5.),tensor(5.),tensor(4.),tensor(4.),tensor(-1.),
16,28,0.030168632045388222,9,0.02828035317361355,3,0.026505889371037483,47,0.02597588300704956,0.628852097633908,tensor(4.),tensor(0.0645),tensor(0.0323),tensor(0.0645),tensor(0.2581),tensor(0.0323),tensor(0.0564),tensor(0.0258),tensor(0.9519),tensor(0.5147),tensor(0.),tensor(1.),tensor(-1.),tensor(-1.),tensor(-1.),tensor(-1.),tensor(4.),tensor(3.),tensor(1.),tensor(5.),tensor(5.),tensor(-1.),tensor(4.),tensor(3.),tensor(5.),tensor(-1.),tensor(3.),tensor(4.),tensor(-1.),tensor(-1.),tensor(-1.),tensor(-1.),tensor(3.),tensor(0.),tensor(2.),tensor(-1.),tensor(-1.),tensor(3.),tensor(1.),tensor(-1.),tensor(-1.),tensor(-1.),tensor(4.),tensor(4.),tensor(-1.),tensor(1.),tensor(-1.),tensor(1.),tensor(3.),tensor(2.),tensor(1.),tensor(4.),tensor(-1.),tensor(3.),tensor(1.),tensor(3.),tensor(5.),tensor(5.),tensor(4.),tensor(4.),tensor(-1.),
32,9,0.031514618545770645,28,0.030510295182466507,1,0.025184178724884987,16,0.02508075162768364,0.4031068461079224,tensor(2.),tensor(0.0667),tensor(0.0333),tensor(0.2333),tensor(0.2667),tensor(0.0333),tensor(0.1025),tensor(0.0727),tensor(0.),tensor(0.5690),tensor(0.0572),tensor(1.),tensor(-1.),tensor(-1.),tensor(-1.),tensor(-1.),tensor(4.),tensor(3.),tensor(1.),tensor(5.),tensor(5.),tensor(-1.),tensor(4.),tensor(3.),tensor(5.),tensor(-1.),tensor(3.),tensor(-1.),tensor(-1.),tensor(-1.),tensor(-1.),tensor(-1.),tensor(3.),tensor(0.),tensor(2.),tensor(-1.),tensor(-1.),tensor(3.),tensor(1.),tensor(-1.),tensor(-1.),tensor(-1.),tensor(4.),tensor(4.),tensor(-1.),tensor(1.),tensor(-1.),tensor(1.),tensor(3.),tensor(2.),tensor(1.),tensor(4.),tensor(-1.),tensor(3.),tensor(1.),tensor(3.),tensor(5.),tensor(5.),tensor(4.),tensor(4.),tensor(-1.),
42,9,0.03469916805624962,28,0.030646013095974922,16,0.02618451416492462,15,0.02485412172973156,0.39433978545087645,tensor(3.),tensor(0.0690),tensor(0.0345),tensor(0.2069),tensor(0.2069),tensor(0.0345),tensor(0.4691),tensor(0.4449),tensor(0.4325),tensor(0.),tensor(0.5116),tensor(1.),tensor(-1.),tensor(-1.),tensor(-1.),tensor(-1.),tensor(4.),tensor(3.),tensor(1.),tensor(5.),tensor(5.),tensor(-1.),tensor(4.),tensor(3.),tensor(5.),tensor(-1.),tensor(3.),tensor(-1.),tensor(-1.),tensor(-1.),tensor(-1.),tensor(-1.),tensor(3.),tensor(0.),tensor(2.),tensor(-1.),tensor(-1.),tensor(3.),tensor(1.),tensor(-1.),tensor(-1.),tensor(-1.),tensor(4.),tensor(-1.),tensor(-1.),tensor(1.),tensor(-1.),tensor(1.),tensor(3.),tensor(2.),tensor(1.),tensor(4.),tensor(-1.),tensor(3.),tensor(1.),tensor(3.),tensor(5.),tensor(5.),tensor(4.),tensor(4.),tensor(-1.),
43,9,0.030910320580005646,28,0.029845206066966057,16,0.027443526312708855,12,0.024980416521430016,0.2002604376219425,tensor(4.),tensor(0.0714),tensor(0.0357),tensor(0.2143),tensor(0.2143),tensor(0.2500),tensor(0.8631),tensor(0.8451),tensor(0.8975),tensor(0.4150),tensor(0.),tensor(1.),tensor(-1.),tensor(-1.),tensor(-1.),tensor(-1.),tensor(4.),tensor(3.),tensor(1.),tensor(5.),tensor(5.),tensor(-1.),tensor(4.),tensor(3.),tensor(5.),tensor(-1.),tensor(3.),tensor(-1.),tensor(-1.),tensor(-1.),tensor(-1.),tensor(-1.),tensor(3.),tensor(0.),tensor(2.),tensor(-1.),tensor(-1.),tensor(3.),tensor(1.),tensor(-1.),tensor(-1.),tensor(-1.),tensor(4.),tensor(-1.),tensor(-1.),tensor(1.),tensor(-1.),tensor(1.),tensor(3.),tensor(2.),tensor(1.),tensor(4.),tensor(-1.),tensor(-1.),tensor(1.),tensor(3.),tensor(5.),tensor(5.),tensor(4.),tensor(4.),tensor(-1.),
36,9,0.03224847465753555,28,0.030209094285964966,16,0.02722557820379734,47,0.02492239698767662,0.40176580750985186,tensor(2.),tensor(0.0741),tensor(0.0370),tensor(0.2222),tensor(0.2222),tensor(0.2593),tensor(0.9500),tensor(0.9333),tensor(0.),tensor(0.5065),tensor(0.0858),tensor(1.),tensor(-1.),tensor(-1.),tensor(-1.),tensor(-1.),tensor(4.),tensor(3.),tensor(1.),tensor(5.),tensor(5.),tensor(-1.),tensor(4.),tensor(3.),tensor(5.),tensor(-1.),tensor(3.),tensor(-1.),tensor(-1.),tensor(-1.),tensor(-1.),tensor(-1.),tensor(3.),tensor(0.),tensor(2.),tensor(-1.),tensor(-1.),tensor(3.),tensor(1.),tensor(-1.),tensor(-1.),tensor(-1.),tensor(4.),tensor(-1.),tensor(-1.),tensor(1.),tensor(-1.),tensor(1.),tensor(3.),tensor(2.),tensor(1.),tensor(4.),tensor(-1.),tensor(-1.),tensor(-1.),tensor(3.),tensor(5.),tensor(5.),tensor(4.),tensor(4.),tensor(-1.),
39,9,0.03335108608007431,28,0.03132921829819679,16,0.02667951211333275,48,0.024754146113991737,0.40028696589541857,tensor(0.),tensor(0.1923),tensor(0.0385),tensor(0.1923),tensor(0.2308),tensor(0.2692),tensor(0.),tensor(0.9841),tensor(0.0545),tensor(0.5591),tensor(0.1351),tensor(1.),tensor(-1.),tensor(-1.),tensor(-1.),tensor(-1.),tensor(4.),tensor(3.),tensor(1.),tensor(5.),tensor(5.),tensor(-1.),tensor(4.),tensor(3.),tensor(5.),tensor(-1.),tensor(3.),tensor(-1.),tensor(-1.),tensor(-1.),tensor(-1.),tensor(-1.),tensor(3.),tensor(0.),tensor(2.),tensor(-1.),tensor(-1.),tensor(3.),tensor(1.),tensor(-1.),tensor(-1.),tensor(-1.),tensor(4.),tensor(-1.),tensor(-1.),tensor(1.),tensor(-1.),tensor(-1.),tensor(3.),tensor(2.),tensor(1.),tensor(4.),tensor(-1.),tensor(-1.),tensor(-1.),tensor(3.),tensor(5.),tensor(5.),tensor(4.),tensor(4.),tensor(-1.),
11,9,0.03305811434984207,28,0.03148389607667923,16,0.02687569335103035,47,0.02467646822333336,0.5001104279616295,tensor(1.),tensor(0.1600),tensor(0.1600),tensor(0.1600),tensor(0.2400),tensor(0.2800),tensor(0.0190),tensor(0.),tensor(0.0716),tensor(0.5756),tensor(0.1506),tensor(1.),tensor(-1.),tensor(-1.),tensor(-1.),tensor(-1.),tensor(4.),tensor(3.),tensor(1.),tensor(5.),tensor(5.),tensor(-1.),tensor(4.),tensor(3.),tensor(5.),tensor(-1.),tensor(3.),tensor(-1.),tensor(-1.),tensor(-1.),tensor(-1.),tensor(-1.),tensor(3.),tensor(0.),tensor(2.),tensor(-1.),tensor(-1.),tensor(3.),tensor(1.),tensor(-1.),tensor(-1.),tensor(-1.),tensor(4.),tensor(-1.),tensor(-1.),tensor(1.),tensor(-1.),tensor(-1.),tensor(3.),tensor(2.),tensor(-1.),tensor(4.),tensor(-1.),tensor(-1.),tensor(-1.),tensor(3.),tensor(5.),tensor(5.),tensor(4.),tensor(4.),tensor(-1.),
9,28,0.029757557436823845,9,0.028825778514146805,16,0.02831859700381756,12,0.02544904127717018,0.1000532162274666,tensor(3.),tensor(0.1667),tensor(0.1667),tensor(0.1667),tensor(0.2083),tensor(0.2917),tensor(0.5074),tensor(0.4905),tensor(0.5106),tensor(0.),tensor(0.5485),tensor(1.),tensor(-1.),tensor(-1.),tensor(-1.),tensor(-1.),tensor(4.),tensor(3.),tensor(1.),tensor(5.),tensor(5.),tensor(-1.),tensor(-1.),tensor(3.),tensor(5.),tensor(-1.),tensor(3.),tensor(-1.),tensor(-1.),tensor(-1.),tensor(-1.),tensor(-1.),tensor(3.),tensor(0.),tensor(2.),tensor(-1.),tensor(-1.),tensor(3.),tensor(1.),tensor(-1.),tensor(-1.),tensor(-1.),tensor(4.),tensor(-1.),tensor(-1.),tensor(1.),tensor(-1.),tensor(-1.),tensor(3.),tensor(2.),tensor(-1.),tensor(4.),tensor(-1.),tensor(-1.),tensor(-1.),tensor(3.),tensor(5.),tensor(5.),tensor(4.),tensor(4.),tensor(-1.),
8,9,0.030515946447849274,16,0.02918250486254692,28,0.026570018380880356,12,0.025883564725518227,0.10069184599301628,tensor(0.),tensor(0.1739),tensor(0.1739),tensor(0.1739),tensor(0.2174),tensor(0.3043),tensor(0.),tensor(0.9850),tensor(0.9534),tensor(0.4536),tensor(0.9498),tensor(1.),tensor(-1.),tensor(-1.),tensor(-1.),tensor(-1.),tensor(4.),tensor(3.),tensor(1.),tensor(5.),tensor(-1.),tensor(-1.),tensor(-1.),tensor(3.),tensor(5.),tensor(-1.),tensor(3.),tensor(-1.),tensor(-1.),tensor(-1.),tensor(-1.),tensor(-1.),tensor(3.),tensor(0.),tensor(2.),tensor(-1.),tensor(-1.),tensor(3.),tensor(1.),tensor(-1.),tensor(-1.),tensor(-1.),tensor(4.),tensor(-1.),tensor(-1.),tensor(1.),tensor(-1.),tensor(-1.),tensor(3.),tensor(2.),tensor(-1.),tensor(4.),tensor(-1.),tensor(-1.),tensor(-1.),tensor(3.),tensor(5.),tensor(5.),tensor(4.),tensor(4.),tensor(-1.),
7,16,0.029282622039318085,28,0.02893601357936859,9,0.028561154380440712,20,0.025177082046866417,0.5000128502514264,tensor(1.),tensor(0.1364),tensor(0.1364),tensor(0.1818),tensor(0.2273),tensor(0.3182),tensor(0.0122),tensor(0.),tensor(0.9668),tensor(0.4674),tensor(0.9619),tensor(1.),tensor(-1.),tensor(-1.),tensor(-1.),tensor(-1.),tensor(4.),tensor(3.),tensor(1.),tensor(-1.),tensor(-1.),tensor(-1.),tensor(-1.),tensor(3.),tensor(5.),tensor(-1.),tensor(3.),tensor(-1.),tensor(-1.),tensor(-1.),tensor(-1.),tensor(-1.),tensor(3.),tensor(0.),tensor(2.),tensor(-1.),tensor(-1.),tensor(3.),tensor(1.),tensor(-1.),tensor(-1.),tensor(-1.),tensor(4.),tensor(-1.),tensor(-1.),tensor(1.),tensor(-1.),tensor(-1.),tensor(3.),tensor(2.),tensor(-1.),tensor(4.),tensor(-1.),tensor(-1.),tensor(-1.),tensor(3.),tensor(5.),tensor(5.),tensor(4.),tensor(4.),tensor(-1.),
38,16,0.029149111360311508,28,0.028595520183444023,9,0.028185905888676643,15,0.025647763162851334,0.40074275286929456,tensor(2.),tensor(0.1429),tensor(0.1429),tensor(0.1429),tensor(0.2381),tensor(0.3333),tensor(0.0426),tensor(0.0290),tensor(0.),tensor(0.5014),tensor(0.9921),tensor(1.),tensor(-1.),tensor(-1.),tensor(-1.),tensor(-1.),tensor(4.),tensor(3.),tensor(-1.),tensor(-1.),tensor(-1.),tensor(-1.),tensor(-1.),tensor(3.),tensor(5.),tensor(-1.),tensor(3.),tensor(-1.),tensor(-1.),tensor(-1.),tensor(-1.),tensor(-1.),tensor(3.),tensor(0.),tensor(2.),tensor(-1.),tensor(-1.),tensor(3.),tensor(1.),tensor(-1.),tensor(-1.),tensor(-1.),tensor(4.),tensor(-1.),tensor(-1.),tensor(1.),tensor(-1.),tensor(-1.),tensor(3.),tensor(2.),tensor(-1.),tensor(4.),tensor(-1.),tensor(-1.),tensor(-1.),tensor(3.),tensor(5.),tensor(5.),tensor(4.),tensor(4.),tensor(-1.),
0,28,0.028941864147782326,9,0.02869582548737526,16,0.027991149574518204,15,0.026834381744265556,0.2044088244902259,tensor(4.),tensor(0.1500),tensor(0.1500),tensor(0.1500),tensor(0.2500),tensor(0.0500),tensor(0.0506),tensor(0.0367),tensor(0.0098),tensor(0.5104),tensor(0.),tensor(1.),tensor(-1.),tensor(-1.),tensor(-1.),tensor(-1.),tensor(4.),tensor(3.),tensor(-1.),tensor(-1.),tensor(-1.),tensor(-1.),tensor(-1.),tensor(3.),tensor(5.),tensor(-1.),tensor(3.),tensor(-1.),tensor(-1.),tensor(-1.),tensor(-1.),tensor(-1.),tensor(3.),tensor(0.),tensor(2.),tensor(-1.),tensor(-1.),tensor(3.),tensor(1.),tensor(-1.),tensor(-1.),tensor(-1.),tensor(4.),tensor(-1.),tensor(-1.),tensor(1.),tensor(-1.),tensor(-1.),tensor(3.),tensor(-1.),tensor(-1.),tensor(4.),tensor(-1.),tensor(-1.),tensor(-1.),tensor(3.),tensor(5.),tensor(5.),tensor(4.),tensor(4.),tensor(-1.),
23,28,0.029254071414470673,16,0.028932418674230576,9,0.028819002211093903,20,0.02778843604028225,0.40008660550462993,tensor(3.),tensor(0.1579),tensor(0.1579),tensor(0.1053),tensor(0.1053),tensor(0.0526),tensor(0.4873),tensor(0.4538),tensor(0.5439),tensor(0.),tensor(0.5069),tensor(-1.),tensor(-1.),tensor(-1.),tensor(-1.),tensor(-1.),tensor(4.),tensor(3.),tensor(-1.),tensor(-1.),tensor(-1.),tensor(-1.),tensor(-1.),tensor(3.),tensor(5.),tensor(-1.),tensor(3.),tensor(-1.),tensor(-1.),tensor(-1.),tensor(-1.),tensor(-1.),tensor(3.),tensor(0.),tensor(2.),tensor(-1.),tensor(-1.),tensor(3.),tensor(1.),tensor(-1.),tensor(-1.),tensor(-1.),tensor(4.),tensor(-1.),tensor(-1.),tensor(1.),tensor(-1.),tensor(-1.),tensor(3.),tensor(-1.),tensor(-1.),tensor(4.),tensor(-1.),tensor(-1.),tensor(-1.),tensor(3.),tensor(5.),tensor(5.),tensor(4.),tensor(4.),tensor(-1.),
15,16,0.03050377406179905,28,0.02934376709163189,9,0.028563586995005608,20,0.027187149971723557,0.400263055063558,tensor(2.),tensor(0.1667),tensor(0.1667),tensor(0.),tensor(0.1111),tensor(0.),tensor(0.8603),tensor(0.8102),tensor(0.),tensor(0.3887),tensor(0.9398),tensor(-1.),tensor(-1.),tensor(-1.),tensor(-1.),tensor(-1.),tensor(4.),tensor(3.),tensor(-1.),tensor(-1.),tensor(-1.),tensor(-1.),tensor(-1.),tensor(3.),tensor(5.),tensor(-1.),tensor(3.),tensor(-1.),tensor(-1.),tensor(-1.),tensor(-1.),tensor(-1.),tensor(3.),tensor(0.),tensor(-1.),tensor(-1.),tensor(-1.),tensor(3.),tensor(1.),tensor(-1.),tensor(-1.),tensor(-1.),tensor(4.),tensor(-1.),tensor(-1.),tensor(1.),tensor(-1.),tensor(-1.),tensor(3.),tensor(-1.),tensor(-1.),tensor(4.),tensor(-1.),tensor(-1.),tensor(-1.),tensor(3.),tensor(5.),tensor(5.),tensor(4.),tensor(4.),tensor(-1.),
12,16,0.030107708647847176,20,0.027896728366613388,9,0.027390019968152046,47,0.02735944464802742,0.3000160123992846,tensor(4.),tensor(0.1765),tensor(0.1765),tensor(0.),tensor(0.1176),tensor(0.3529),tensor(0.9122),tensor(0.8597),tensor(0.0563),tensor(0.4428),tensor(0.),tensor(-1.),tensor(-1.),tensor(-1.),tensor(-1.),tensor(-1.),tensor(4.),tensor(3.),tensor(-1.),tensor(-1.),tensor(-1.),tensor(-1.),tensor(-1.),tensor(3.),tensor(5.),tensor(-1.),tensor(-1.),tensor(-1.),tensor(-1.),tensor(-1.),tensor(-1.),tensor(-1.),tensor(3.),tensor(0.),tensor(-1.),tensor(-1.),tensor(-1.),tensor(3.),tensor(1.),tensor(-1.),tensor(-1.),tensor(-1.),tensor(4.),tensor(-1.),tensor(-1.),tensor(1.),tensor(-1.),tensor(-1.),tensor(3.),tensor(-1.),tensor(-1.),tensor(4.),tensor(-1.),tensor(-1.),tensor(-1.),tensor(3.),tensor(5.),tensor(5.),tensor(4.),tensor(4.),tensor(-1.),
6,9,0.02879428118467331,16,0.02798084355890751,47,0.02729766070842743,28,0.0271088108420372,0.30008514565493155,tensor(0.),tensor(0.3125),tensor(0.1875),tensor(0.),tensor(0.1250),tensor(0.3125),tensor(0.),tensor(0.9436),tensor(0.1516),tensor(0.5343),tensor(0.1218),tensor(-1.),tensor(-1.),tensor(-1.),tensor(-1.),tensor(-1.),tensor(4.),tensor(3.),tensor(-1.),tensor(-1.),tensor(-1.),tensor(-1.),tensor(-1.),tensor(-1.),tensor(5.),tensor(-1.),tensor(-1.),tensor(-1.),tensor(-1.),tensor(-1.),tensor(-1.),tensor(-1.),tensor(3.),tensor(0.),tensor(-1.),tensor(-1.),tensor(-1.),tensor(3.),tensor(1.),tensor(-1.),tensor(-1.),tensor(-1.),tensor(4.),tensor(-1.),tensor(-1.),tensor(1.),tensor(-1.),tensor(-1.),tensor(3.),tensor(-1.),tensor(-1.),tensor(4.),tensor(-1.),tensor(-1.),tensor(-1.),tensor(3.),tensor(5.),tensor(5.),tensor(4.),tensor(4.),tensor(-1.),
31,16,0.02913310006260872,20,0.027982061728835106,47,0.027801349759101868,9,0.027643762528896332,0.20000595578715175,tensor(1.),tensor(0.2667),tensor(0.2667),tensor(0.),tensor(0.1333),tensor(0.2667),tensor(0.0682),tensor(0.),tensor(0.2157),tensor(0.5959),tensor(0.2037),tensor(-1.),tensor(-1.),tensor(-1.),tensor(-1.),tensor(-1.),tensor(4.),tensor(-1.),tensor(-1.),tensor(-1.),tensor(-1.),tensor(-1.),tensor(-1.),tensor(-1.),tensor(5.),tensor(-1.),tensor(-1.),tensor(-1.),tensor(-1.),tensor(-1.),tensor(-1.),tensor(-1.),tensor(3.),tensor(0.),tensor(-1.),tensor(-1.),tensor(-1.),tensor(3.),tensor(1.),tensor(-1.),tensor(-1.),tensor(-1.),tensor(4.),tensor(-1.),tensor(-1.),tensor(1.),tensor(-1.),tensor(-1.),tensor(3.),tensor(-1.),tensor(-1.),tensor(4.),tensor(-1.),tensor(-1.),tensor(-1.),tensor(3.),tensor(5.),tensor(5.),tensor(4.),tensor(4.),tensor(-1.),
37,47,0.02866978384554386,16,0.02817789651453495,20,0.027742259204387665,9,0.026034049689769745,0.5006877073454169,tensor(3.),tensor(0.2857),tensor(0.2857),tensor(0.),tensor(0.2857),tensor(0.2857),tensor(0.5158),tensor(0.4249),tensor(0.6364),tensor(0.),tensor(0.7418),tensor(-1.),tensor(-1.),tensor(-1.),tensor(-1.),tensor(-1.),tensor(4.),tensor(-1.),tensor(-1.),tensor(-1.),tensor(-1.),tensor(-1.),tensor(-1.),tensor(-1.),tensor(5.),tensor(-1.),tensor(-1.),tensor(-1.),tensor(-1.),tensor(-1.),tensor(-1.),tensor(-1.),tensor(3.),tensor(0.),tensor(-1.),tensor(-1.),tensor(-1.),tensor(3.),tensor(1.),tensor(-1.),tensor(-1.),tensor(-1.),tensor(-1.),tensor(-1.),tensor(-1.),tensor(1.),tensor(-1.),tensor(-1.),tensor(3.),tensor(-1.),tensor(-1.),tensor(4.),tensor(-1.),tensor(-1.),tensor(-1.),tensor(3.),tensor(5.),tensor(5.),tensor(4.),tensor(4.),tensor(-1.),
22,20,0.0287121944129467,47,0.026978977024555206,16,0.026892321184277534,3,0.02682611346244812,0.30026095901840905,tensor(4.),tensor(0.2308),tensor(0.2308),tensor(0.),tensor(0.3077),tensor(0.2308),tensor(0.7306),tensor(0.6288),tensor(0.8384),tensor(0.1788),tensor(0.),tensor(-1.),tensor(-1.),tensor(-1.),tensor(-1.),tensor(-1.),tensor(4.),tensor(-1.),tensor(-1.),tensor(-1.),tensor(-1.),tensor(-1.),tensor(-1.),tensor(-1.),tensor(5.),tensor(-1.),tensor(-1.),tensor(-1.),tensor(-1.),tensor(-1.),tensor(-1.),tensor(-1.),tensor(3.),tensor(0.),tensor(-1.),tensor(-1.),tensor(-1.),tensor(3.),tensor(1.),tensor(-1.),tensor(-1.),tensor(-1.),tensor(-1.),tensor(-1.),tensor(-1.),tensor(1.),tensor(-1.),tensor(-1.),tensor(-1.),tensor(-1.),tensor(-1.),tensor(4.),tensor(-1.),tensor(-1.),tensor(-1.),tensor(3.),tensor(5.),tensor(5.),tensor(4.),tensor(4.),tensor(-1.),
47,20,0.028908351436257362,47,0.027570266276597977,16,0.027280179783701897,9,0.02683931402862072,0.40000829259856163,tensor(2.),tensor(0.2500),tensor(0.2500),tensor(0.),tensor(0.3333),tensor(0.2500),tensor(0.9026),tensor(0.7920),tensor(0.),tensor(0.3220),tensor(0.1561),tensor(-1.),tensor(-1.),tensor(-1.),tensor(-1.),tensor(-1.),tensor(4.),tensor(-1.),tensor(-1.),tensor(-1.),tensor(-1.),tensor(-1.),tensor(-1.),tensor(-1.),tensor(5.),tensor(-1.),tensor(-1.),tensor(-1.),tensor(-1.),tensor(-1.),tensor(-1.),tensor(-1.),tensor(3.),tensor(-1.),tensor(-1.),tensor(-1.),tensor(-1.),tensor(3.),tensor(1.),tensor(-1.),tensor(-1.),tensor(-1.),tensor(-1.),tensor(-1.),tensor(-1.),tensor(1.),tensor(-1.),tensor(-1.),tensor(-1.),tensor(-1.),tensor(-1.),tensor(4.),tensor(-1.),tensor(-1.),tensor(-1.),tensor(3.),tensor(5.),tensor(5.),tensor(4.),tensor(4.),tensor(-1.),
44,20,0.030530182644724846,16,0.028272872790694237,47,0.027062295004725456,28,0.026279646903276443,0.5000121261390831,tensor(0.),tensor(0.2727),tensor(0.2727),tensor(0.),tensor(0.2727),tensor(0.2727),tensor(0.),tensor(0.8844),tensor(0.0835),tensor(0.4031),tensor(0.2446),tensor(-1.),tensor(-1.),tensor(-1.),tensor(-1.),tensor(-1.),tensor(4.),tensor(-1.),tensor(-1.),tensor(-1.),tensor(-1.),tensor(-1.),tensor(-1.),tensor(-1.),tensor(5.),tensor(-1.),tensor(-1.),tensor(-1.),tensor(-1.),tensor(-1.),tensor(-1.),tensor(-1.),tensor(3.),tensor(-1.),tensor(-1.),tensor(-1.),tensor(-1.),tensor(3.),tensor(1.),tensor(-1.),tensor(-1.),tensor(-1.),tensor(-1.),tensor(-1.),tensor(-1.),tensor(1.),tensor(-1.),tensor(-1.),tensor(-1.),tensor(-1.),tensor(-1.),tensor(4.),tensor(-1.),tensor(-1.),tensor(-1.),tensor(3.),tensor(5.),tensor(5.),tensor(-1.),tensor(4.),tensor(-1.),
26,20,0.03120243363082409,16,0.028336655348539352,47,0.027095546945929527,3,0.02532947063446045,0.40000085758359094,tensor(1.),tensor(0.3000),tensor(0.2000),tensor(0.),tensor(0.3000),tensor(0.2000),tensor(0.1270),tensor(0.),tensor(0.1880),tensor(0.5045),tensor(0.3552),tensor(-1.),tensor(-1.),tensor(-1.),tensor(-1.),tensor(-1.),tensor(4.),tensor(-1.),tensor(-1.),tensor(-1.),tensor(-1.),tensor(-1.),tensor(-1.),tensor(-1.),tensor(5.),tensor(-1.),tensor(-1.),tensor(-1.),tensor(-1.),tensor(-1.),tensor(-1.),tensor(-1.),tensor(3.),tensor(-1.),tensor(-1.),tensor(-1.),tensor(-1.),tensor(3.),tensor(1.),tensor(-1.),tensor(-1.),tensor(-1.),tensor(-1.),tensor(-1.),tensor(-1.),tensor(1.),tensor(-1.),tensor(-1.),tensor(-1.),tensor(-1.),tensor(-1.),tensor(4.),tensor(-1.),tensor(-1.),tensor(-1.),tensor(-1.),tensor(5.),tensor(5.),tensor(-1.),tensor(4.),tensor(-1.),
45,20,0.031033601611852646,3,0.02735801413655281,47,0.02597375027835369,16,0.025555389001965523,0.30003757591841057,tensor(3.),tensor(0.3333),tensor(0.1111),tensor(0.),tensor(0.1111),tensor(0.1111),tensor(0.7480),tensor(0.4931),tensor(0.6984),tensor(0.),tensor(0.8956),tensor(-1.),tensor(-1.),tensor(-1.),tensor(-1.),tensor(-1.),tensor(4.),tensor(-1.),tensor(-1.),tensor(-1.),tensor(-1.),tensor(-1.),tensor(-1.),tensor(-1.),tensor(5.),tensor(-1.),tensor(-1.),tensor(-1.),tensor(-1.),tensor(-1.),tensor(-1.),tensor(-1.),tensor(3.),tensor(-1.),tensor(-1.),tensor(-1.),tensor(-1.),tensor(-1.),tensor(1.),tensor(-1.),tensor(-1.),tensor(-1.),tensor(-1.),tensor(-1.),tensor(-1.),tensor(1.),tensor(-1.),tensor(-1.),tensor(-1.),tensor(-1.),tensor(-1.),tensor(4.),tensor(-1.),tensor(-1.),tensor(-1.),tensor(-1.),tensor(5.),tensor(5.),tensor(-1.),tensor(4.),tensor(-1.),
40,20,0.028512699529528618,47,0.025701627135276794,3,0.025545790791511536,45,0.024797655642032623,0.5000009592182755,tensor(4.),tensor(0.3750),tensor(0.1250),tensor(0.),tensor(0.1250),tensor(0.2500),tensor(0.8679),tensor(0.5884),tensor(0.7970),tensor(0.1316),tensor(0.),tensor(-1.),tensor(-1.),tensor(-1.),tensor(-1.),tensor(-1.),tensor(4.),tensor(-1.),tensor(-1.),tensor(-1.),tensor(-1.),tensor(-1.),tensor(-1.),tensor(-1.),tensor(5.),tensor(-1.),tensor(-1.),tensor(-1.),tensor(-1.),tensor(-1.),tensor(-1.),tensor(-1.),tensor(3.),tensor(-1.),tensor(-1.),tensor(-1.),tensor(-1.),tensor(-1.),tensor(1.),tensor(-1.),tensor(-1.),tensor(-1.),tensor(-1.),tensor(-1.),tensor(-1.),tensor(1.),tensor(-1.),tensor(-1.),tensor(-1.),tensor(-1.),tensor(-1.),tensor(4.),tensor(-1.),tensor(-1.),tensor(-1.),tensor(-1.),tensor(-1.),tensor(5.),tensor(-1.),tensor(4.),tensor(-1.),
13,20,0.02613651752471924,1,0.02460763044655323,47,0.023583222180604935,0,0.02353605441749096,7.199045662762592e-07,tensor(0.),tensor(0.2857),tensor(0.1429),tensor(0.),tensor(0.1429),tensor(0.2857),tensor(0.),tensor(0.6933),tensor(0.9056),tensor(0.2766),tensor(0.1132),tensor(-1.),tensor(-1.),tensor(-1.),tensor(-1.),tensor(-1.),tensor(4.),tensor(-1.),tensor(-1.),tensor(-1.),tensor(-1.),tensor(-1.),tensor(-1.),tensor(-1.),tensor(5.),tensor(-1.),tensor(-1.),tensor(-1.),tensor(-1.),tensor(-1.),tensor(-1.),tensor(-1.),tensor(3.),tensor(-1.),tensor(-1.),tensor(-1.),tensor(-1.),tensor(-1.),tensor(1.),tensor(-1.),tensor(-1.),tensor(-1.),tensor(-1.),tensor(-1.),tensor(-1.),tensor(1.),tensor(-1.),tensor(-1.),tensor(-1.),tensor(-1.),tensor(-1.),tensor(-1.),tensor(-1.),tensor(-1.),tensor(-1.),tensor(-1.),tensor(-1.),tensor(5.),tensor(-1.),tensor(4.),tensor(-1.),
27,1,0.02487059123814106,20,0.02444799244403839,43,0.023835688829421997,3,0.02358962967991829,0.30000060071382495,tensor(2.),tensor(0.3333),tensor(0.1667),tensor(0.1667),tensor(0.1667),tensor(0.1667),tensor(0.1324),tensor(0.7845),tensor(0.),tensor(0.4027),tensor(0.2117),tensor(-1.),tensor(-1.),tensor(-1.),tensor(-1.),tensor(-1.),tensor(4.),tensor(-1.),tensor(-1.),tensor(-1.),tensor(-1.),tensor(-1.),tensor(-1.),tensor(-1.),tensor(-1.),tensor(-1.),tensor(-1.),tensor(-1.),tensor(-1.),tensor(-1.),tensor(-1.),tensor(-1.),tensor(3.),tensor(-1.),tensor(-1.),tensor(-1.),tensor(-1.),tensor(-1.),tensor(1.),tensor(-1.),tensor(-1.),tensor(-1.),tensor(-1.),tensor(-1.),tensor(-1.),tensor(1.),tensor(-1.),tensor(-1.),tensor(-1.),tensor(-1.),tensor(-1.),tensor(-1.),tensor(-1.),tensor(-1.),tensor(-1.),tensor(-1.),tensor(-1.),tensor(5.),tensor(-1.),tensor(4.),tensor(-1.),
46,1,0.024576973170042038,20,0.024342458695173264,0,0.023835765197873116,16,0.023754514753818512,0.30000309059422237,tensor(1.),tensor(0.4000),tensor(0.2000),tensor(0.2000),tensor(0.2000),tensor(0.2000),tensor(0.4452),tensor(0.),tensor(0.2642),tensor(0.7005),tensor(0.4443),tensor(-1.),tensor(-1.),tensor(-1.),tensor(-1.),tensor(-1.),tensor(4.),tensor(-1.),tensor(-1.),tensor(-1.),tensor(-1.),tensor(-1.),tensor(-1.),tensor(-1.),tensor(-1.),tensor(-1.),tensor(-1.),tensor(-1.),tensor(-1.),tensor(-1.),tensor(-1.),tensor(-1.),tensor(3.),tensor(-1.),tensor(-1.),tensor(-1.),tensor(-1.),tensor(-1.),tensor(-1.),tensor(-1.),tensor(-1.),tensor(-1.),tensor(-1.),tensor(-1.),tensor(-1.),tensor(1.),tensor(-1.),tensor(-1.),tensor(-1.),tensor(-1.),tensor(-1.),tensor(-1.),tensor(-1.),tensor(-1.),tensor(-1.),tensor(-1.),tensor(-1.),tensor(5.),tensor(-1.),tensor(4.),tensor(-1.),
48,20,0.02557569555938244,1,0.024182066321372986,43,0.024051032960414886,3,0.023667408153414726,0.500000346235319,tensor(3.),tensor(0.5000),tensor(0.2500),tensor(0.),tensor(0.),tensor(0.),tensor(0.7598),tensor(0.2326),tensor(0.5299),tensor(0.),tensor(0.6781),tensor(-1.),tensor(-1.),tensor(-1.),tensor(-1.),tensor(-1.),tensor(4.),tensor(-1.),tensor(-1.),tensor(-1.),tensor(-1.),tensor(-1.),tensor(-1.),tensor(-1.),tensor(-1.),tensor(-1.),tensor(-1.),tensor(-1.),tensor(-1.),tensor(-1.),tensor(-1.),tensor(-1.),tensor(3.),tensor(-1.),tensor(-1.),tensor(-1.),tensor(-1.),tensor(-1.),tensor(-1.),tensor(-1.),tensor(-1.),tensor(-1.),tensor(-1.),tensor(-1.),tensor(-1.),tensor(1.),tensor(-1.),tensor(-1.),tensor(-1.),tensor(-1.),tensor(-1.),tensor(-1.),tensor(-1.),tensor(-1.),tensor(-1.),tensor(-1.),tensor(-1.),tensor(-1.),tensor(-1.),tensor(4.),tensor(-1.),
21,20,0.025295419618487358,16,0.023680921643972397,1,0.023476921021938324,12,0.023363662883639336,0.300000532785368,tensor(0.),tensor(0.3333),tensor(0.3333),tensor(0.),tensor(0.),tensor(0.),tensor(0.),tensor(0.4101),tensor(0.7328),tensor(0.1502),tensor(0.8567),tensor(-1.),tensor(-1.),tensor(-1.),tensor(-1.),tensor(-1.),tensor(4.),tensor(-1.),tensor(-1.),tensor(-1.),tensor(-1.),tensor(-1.),tensor(-1.),tensor(-1.),tensor(-1.),tensor(-1.),tensor(-1.),tensor(-1.),tensor(-1.),tensor(-1.),tensor(-1.),tensor(-1.),tensor(3.),tensor(-1.),tensor(-1.),tensor(-1.),tensor(-1.),tensor(-1.),tensor(-1.),tensor(-1.),tensor(-1.),tensor(-1.),tensor(-1.),tensor(-1.),tensor(-1.),tensor(1.),tensor(-1.),tensor(-1.),tensor(-1.),tensor(-1.),tensor(-1.),tensor(-1.),tensor(-1.),tensor(-1.),tensor(-1.),tensor(-1.),tensor(-1.),tensor(-1.),tensor(-1.),tensor(-1.),tensor(-1.),
34,16,0.025230860337615013,20,0.024064403027296066,29,0.02374260686337948,1,0.02322935312986374,0.1000000870183187,tensor(4.),tensor(0.5000),tensor(0.5000),tensor(0.),tensor(0.),tensor(0.),tensor(0.1842),tensor(0.5526),tensor(0.8956),tensor(0.2707),tensor(0.),tensor(-1.),tensor(-1.),tensor(-1.),tensor(-1.),tensor(-1.),tensor(4.),tensor(-1.),tensor(-1.),tensor(-1.),tensor(-1.),tensor(-1.),tensor(-1.),tensor(-1.),tensor(-1.),tensor(-1.),tensor(-1.),tensor(-1.),tensor(-1.),tensor(-1.),tensor(-1.),tensor(-1.),tensor(-1.),tensor(-1.),tensor(-1.),tensor(-1.),tensor(-1.),tensor(-1.),tensor(-1.),tensor(-1.),tensor(-1.),tensor(-1.),tensor(-1.),tensor(-1.),tensor(-1.),tensor(1.),tensor(-1.),tensor(-1.),tensor(-1.),tensor(-1.),tensor(-1.),tensor(-1.),tensor(-1.),tensor(-1.),tensor(-1.),tensor(-1.),tensor(-1.),tensor(-1.),tensor(-1.),tensor(-1.),tensor(-1.),
5,20,0.02407407946884632,16,0.023953601717948914,1,0.023478185757994652,3,0.02324552647769451,0.2000000180675707,tensor(2.),tensor(1.),tensor(0.),tensor(0.),tensor(0.),tensor(0.),tensor(0.3024),tensor(0.6440),tensor(0.),tensor(0.3480),tensor(0.1057),tensor(-1.),tensor(-1.),tensor(-1.),tensor(-1.),tensor(-1.),tensor(4.),tensor(-1.),tensor(-1.),tensor(-1.),tensor(-1.),tensor(-1.),tensor(-1.),tensor(-1.),tensor(-1.),tensor(-1.),tensor(-1.),tensor(-1.),tensor(-1.),tensor(-1.),tensor(-1.),tensor(-1.),tensor(-1.),tensor(-1.),tensor(-1.),tensor(-1.),tensor(-1.),tensor(-1.),tensor(-1.),tensor(-1.),tensor(-1.),tensor(-1.),tensor(-1.),tensor(-1.),tensor(-1.),tensor(-1.),tensor(-1.),tensor(-1.),tensor(-1.),tensor(-1.),tensor(-1.),tensor(-1.),tensor(-1.),tensor(-1.),tensor(-1.),tensor(-1.),tensor(-1.),tensor(-1.),tensor(-1.),tensor(-1.),tensor(-1.),
